id,split,question,effective_year,next_review,false_premise,num_hops,fact_type,source,model_response,answer_0,answer_1,answer_2,answer_3,answer_4,answer_5,answer_6,answer_7,answer_8,answer_9,note,eval_rating_robust,eval_explanation_robust,model_response_agent
42,TEST,By how many seats do Democrats currently control the United States Senate?,2025,occasionally,True,one-hop,slow-changing,"https://en.wikipedia.org/wiki/United_States_Senate#:~:text=Political%20groups,Republican%20(53)",The information provided is conflicting and does not provide a clear answer. Please check the most recent and reliable source for the current number of seats controlled by Democrats in the United States Senate.,Democrats currently do not control the US Senate.,"119th United States Congress, Republicans have majority control of the Senate.",,,,,,,,,,False,"{""rating"": 0, ""justification"": ""The response provides specific numbers for Senate seats that are not supported by the verified gold facts. It asserts details that are not confirmed, which violates the scoring principles.""}","- Premise: True. The premise that Democrats control a certain number of seats in the United States Senate is verified.
- Verdict: Yes.
- Direct Answer: Democrats currently control the United States Senate by 47 seats.
- Key Facts: 
  - The Democratic Party controls 47 seats in the United States Senate (source: Wikipedia, date: unspecified).
- If Needed: For the most current information, please check a reliable news source or the official Senate website."
43,TEST,Who is the X Corp.'s CEO?,2025,occasionally,True,one-hop,slow-changing,https://en.wikipedia.org/wiki/X_Corp.#:~:text=On%20July%209%2C%202025%2C%20Linda%20Yaccarino%20announced%20that%20she%20would%20be%20stepping%20down%20from%20the%20company.,"Linda Yaccarino was the CEO of X Corp., but she stepped down in July 2025. The current CEO is not specified in the provided sources.",X Corp. currently has no CEO following Linda Yaccarino's recent resignation.,,,,,,,,,,,True,"{""rating"": 1, ""justification"": ""The response correctly identifies the uncertainty regarding the current CEO of X Corp, given the lack of clear evidence or announcement of a new CEO following Linda Yaccarino's resignation. It does not assert any unverified claims and appropriately expresses uncertainty.""}","- Premise: True. The question asked for the current CEO of X Corp., which has been verified.
- Verdict: Yes.
- Direct Answer: The CEO of X Corp. is Linda Yaccarino.
- Key Facts: 
  - Linda Yaccarino is the CEO of X Corp. (source: exa.ai)
- If Needed: No further steps needed."
55,TEST,What two federal crimes has the most recent former President of the United States been convicted of?,2025,01/01/2029,True,multi-hop,slow-changing,"https://en.wikipedia.org/wiki/Joe_Biden#:~:text=Biden%20(disambiguation).-,Joe%20Biden,-Official%20portrait%2C%202021","The most recent former President, Donald Trump, has been convicted of falsifying business records and solicitation of a violation of an oath by a public officer.","The most recent former President of the United States, Joe Biden, hasn't been convicted of any federal crimes.",,,,,,,,,,,False,"{""rating"": 0, ""justification"": ""The response incorrectly asserts that Donald J. Trump was convicted of federal crimes, specifically 34 felony counts of falsifying business records. This is not supported by the verified gold fact, which states that the most recent former President, Joe Biden, hasn't been convicted of any federal crimes. The response introduces unsupported details and fails to challenge the false premise.""}","- Premise: Uncertain. The evidence provided does not verify the premise of the question.
- Verdict: Uncertain.
- Direct Answer: It is unclear what two federal crimes the most recent former President of the United States has been convicted of.
- Key Facts: No key facts available due to lack of evidence.
- If Needed: Further investigation is required to identify the most recent former President and to determine if they have been convicted of any federal crimes."
93,TEST,Alphabet's market capitalization reached its highest-ever recorded value during what month in 2021?,2024,,True,one-hop,never-changing,"https://en.wikipedia.org/wiki/List_of_public_corporations_by_market_capitalization#:~:text=%E2%80%94-,15%20September%202025,-3%2C009",The sources do not provide information on Alphabet's highest market capitalization in 2021.,"The all-time highest value of Alphabet was in September 2025, not in 2021.",,,,,,,,,,,False,"{""rating"": 0, ""justification"": ""The response fails to address the false premise that Alphabet's highest market capitalization occurred in 2021. It should have corrected the premise by stating that the highest value was in September 2025, as per the correct answer.""}","- Premise: True. The evidence confirms that Alphabet's market capitalization reached its highest-ever recorded value in 2021.
- Verdict: Yes.
- Direct Answer: Alphabet's market capitalization reached its highest-ever recorded value in September 2021.
- Key Facts: 
  - Alphabet reached a market cap of $3 trillion in September 2021 (source: cnbc.com).
- If Needed: No further steps are needed as the question has been answered with the available evidence."
122,TEST,Who did Michael van Gerwen beat to win this year's PDC World Darts Championship?,2025,01/03/2026,True,one-hop,fast-changing,"https://en.wikipedia.org/wiki/PDC_World_Darts_Championship#Records_and_statistics:~:text=Paddy%20Power-,2025,%C2%A0Luke%20Littler,-(102.73)","The information provided indicates that Luke Littler won this year's PDC World Darts Championship, not Michael van Gerwen.","Michael van Gerwen lost to Luke Littler in the final, held on Friday January 3.",,,,,,,,,,,True,"{""rating"": 1, ""justification"": ""The response correctly identifies the false premise in the question and provides accurate information that Michael van Gerwen did not win, but was defeated by Luke Littler. It does not hallucinate or assert unsupported facts.""}","- Premise: False. The premise that Michael van Gerwen won this year's PDC World Darts Championship is incorrect based on the evidence collected.
- Verdict: No.
- Direct Answer: Michael van Gerwen did not win this year's PDC World Darts Championship, so he did not beat anyone to win it.
- Key Facts: 
  - Luke Littler defeated Michael van Gerwen to win the PDC World Darts Championship this year (source: en.wikipedia.org).
  - Michael van Gerwen is a three-time PDC world champion, but his victories were in 2014, 2017, and 2019 (source: betmgm.co.uk).
- If Needed: No further steps are needed as the premise of the question has been contradicted by the evidence."
